<?xml version="1.0" encoding="UTF-8"?>
<export version="E">
  <design>
    <source>/home/pedro/Documents/espressif/github/esp-rust-board/hardware/esp-rust-board/esp-rust-board.kicad_sch</source>
    <date>qui 27 jan 2022 12:20:37</date>
    <tool>Eeschema 6.0.0-d3dd2cf0fa~116~ubuntu21.04.1</tool>
    <sheet number="1" name="/" tstamps="/">
      <title_block>
        <title>ESP32-C3 Rust Development Board</title>
        <company>Rust Community</company>
        <rev>0.1a</rev>
        <date>2021-11-19</date>
        <source>esp-rust-board.kicad_sch</source>
        <comment number="1" value="ESP32-C3 Development board for Rust"/>
        <comment number="2" value=""/>
        <comment number="3" value=""/>
        <comment number="4" value=""/>
        <comment number="5" value=""/>
        <comment number="6" value=""/>
        <comment number="7" value=""/>
        <comment number="8" value=""/>
        <comment number="9" value=""/>
      </title_block>
    </sheet>
  </design>
  <components>
    <comp ref="C1">
      <value>10nF 10V</value>
      <footprint>Capacitor_SMD:C_0402_1005Metric</footprint>
      <libsource lib="Device" part="C_Small" description="Unpolarized capacitor, small symbol"/>
      <property name="Sheetname" value=""/>
      <property name="Sheetfile" value="esp-rust-board.kicad_sch"/>
      <sheetpath names="/" tstamps="/"/>
      <tstamps>00000000-0000-0000-0000-000061c55340</tstamps>
    </comp>
    <comp ref="C2">
      <value>10nF 10V</value>
      <footprint>Capacitor_SMD:C_0402_1005Metric</footprint>
      <libsource lib="Device" part="C_Small" description="Unpolarized capacitor, small symbol"/>
      <property name="Sheetname" value=""/>
      <property name="Sheetfile" value="esp-rust-board.kicad_sch"/>
      <sheetpath names="/" tstamps="/"/>
      <tstamps>00000000-0000-0000-0000-000061c35c38</tstamps>
    </comp>
    <comp ref="C3">
      <value>100nF 10V</value>
      <footprint>Capacitor_SMD:C_0402_1005Metric</footprint>
      <libsource lib="Device" part="C_Small" description="Unpolarized capacitor, small symbol"/>
      <property name="Sheetname" value=""/>
      <property name="Sheetfile" value="esp-rust-board.kicad_sch"/>
      <sheetpath names="/" tstamps="/"/>
      <tstamps>00000000-0000-0000-0000-000061c55346</tstamps>
    </comp>
    <comp ref="C4">
      <value>100nF 10V</value>
      <footprint>Capacitor_SMD:C_0402_1005Metric</footprint>
      <libsource lib="Device" part="C_Small" description="Unpolarized capacitor, small symbol"/>
      <property name="Sheetname" value=""/>
      <property name="Sheetfile" value="esp-rust-board.kicad_sch"/>
      <sheetpath names="/" tstamps="/"/>
      <tstamps>00000000-0000-0000-0000-000061c3bd32</tstamps>
    </comp>
    <comp ref="C5">
      <value>10uF 16V</value>
      <footprint>Capacitor_SMD:C_0805_2012Metric</footprint>
      <libsource lib="Device" part="C_Small" description="Unpolarized capacitor, small symbol"/>
      <property name="Sheetname" value=""/>
      <property name="Sheetfile" value="esp-rust-board.kicad_sch"/>
      <sheetpath names="/" tstamps="/"/>
      <tstamps>00000000-0000-0000-0000-000061b90a00</tstamps>
    </comp>
    <comp ref="C6">
      <value>22pF 50V</value>
      <footprint>Capacitor_SMD:C_0603_1608Metric</footprint>
      <libsource lib="Device" part="C_Small" description="Unpolarized capacitor, small symbol"/>
      <property name="Sheetname" value=""/>
      <property name="Sheetfile" value="esp-rust-board.kicad_sch"/>
      <sheetpath names="/" tstamps="/"/>
      <tstamps>00000000-0000-0000-0000-000061b90e84</tstamps>
    </comp>
    <comp ref="C7">
      <value>10uF 16V</value>
      <footprint>Capacitor_SMD:C_0805_2012Metric</footprint>
      <libsource lib="Device" part="C_Small" description="Unpolarized capacitor, small symbol"/>
      <property name="Sheetname" value=""/>
      <property name="Sheetfile" value="esp-rust-board.kicad_sch"/>
      <sheetpath names="/" tstamps="/"/>
      <tstamps>00000000-0000-0000-0000-000061b91097</tstamps>
    </comp>
    <comp ref="C8">
      <value>1uF 16V</value>
      <footprint>Capacitor_SMD:C_0402_1005Metric</footprint>
      <libsource lib="Device" part="C_Small" description="Unpolarized capacitor, small symbol"/>
      <property name="Sheetname" value=""/>
      <property name="Sheetfile" value="esp-rust-board.kicad_sch"/>
      <sheetpath names="/" tstamps="/"/>
      <tstamps>00000000-0000-0000-0000-00006227c0fe</tstamps>
    </comp>
    <comp ref="C9">
      <value>100nF 10V</value>
      <footprint>Capacitor_SMD:C_0402_1005Metric</footprint>
      <libsource lib="Device" part="C_Small" description="Unpolarized capacitor, small symbol"/>
      <property name="Sheetname" value=""/>
      <property name="Sheetfile" value="esp-rust-board.kicad_sch"/>
      <sheetpath names="/" tstamps="/"/>
      <tstamps>00000000-0000-0000-0000-000061ca8752</tstamps>
    </comp>
    <comp ref="C10">
      <value>1uF 16V</value>
      <footprint>Capacitor_SMD:C_0402_1005Metric</footprint>
      <libsource lib="Device" part="C_Small" description="Unpolarized capacitor, small symbol"/>
      <property name="Sheetname" value=""/>
      <property name="Sheetfile" value="esp-rust-board.kicad_sch"/>
      <sheetpath names="/" tstamps="/"/>
      <tstamps>00000000-0000-0000-0000-000061d1f64e</tstamps>
    </comp>
    <comp ref="C11">
      <value>10nF 10V</value>
      <footprint>Capacitor_SMD:C_0402_1005Metric</footprint>
      <libsource lib="Device" part="C_Small" description="Unpolarized capacitor, small symbol"/>
      <property name="Sheetname" value=""/>
      <property name="Sheetfile" value="esp-rust-board.kicad_sch"/>
      <sheetpath names="/" tstamps="/"/>
      <tstamps>00000000-0000-0000-0000-000061ca7c78</tstamps>
    </comp>
    <comp ref="C15">
      <value>4.7uF 16V</value>
      <footprint>Capacitor_SMD:C_0603_1608Metric</footprint>
      <libsource lib="Device" part="C_Small" description="Unpolarized capacitor, small symbol"/>
      <property name="Sheetname" value=""/>
      <property name="Sheetfile" value="esp-rust-board.kicad_sch"/>
      <sheetpath names="/" tstamps="/"/>
      <tstamps>00000000-0000-0000-0000-00006274cfaf</tstamps>
    </comp>
    <comp ref="C16">
      <value>4.7uF 16V</value>
      <footprint>Capacitor_SMD:C_0603_1608Metric</footprint>
      <libsource lib="Device" part="C_Small" description="Unpolarized capacitor, small symbol"/>
      <property name="Sheetname" value=""/>
      <property name="Sheetfile" value="esp-rust-board.kicad_sch"/>
      <sheetpath names="/" tstamps="/"/>
      <tstamps>00000000-0000-0000-0000-0000626de160</tstamps>
    </comp>
    <comp ref="D1">
      <value>LESD8D3.3CAT5G</value>
      <footprint>Rust_Board:SOD-882</footprint>
      <libsource lib="Device" part="D_TVS" description="Bidirectional transient-voltage-suppression diode"/>
      <property name="Sheetname" value=""/>
      <property name="Sheetfile" value="esp-rust-board.kicad_sch"/>
      <sheetpath names="/" tstamps="/"/>
      <tstamps>00000000-0000-0000-0000-000062637b6c</tstamps>
    </comp>
    <comp ref="D2">
      <value>LED</value>
      <footprint>LED_SMD:LED_0603_1608Metric</footprint>
      <libsource lib="Device" part="LED" description="Light emitting diode"/>
      <property name="Sheetname" value=""/>
      <property name="Sheetfile" value="esp-rust-board.kicad_sch"/>
      <sheetpath names="/" tstamps="/"/>
      <tstamps>00000000-0000-0000-0000-000061fd2211</tstamps>
    </comp>
    <comp ref="D3">
      <value>LED</value>
      <footprint>LED_SMD:LED_0603_1608Metric</footprint>
      <libsource lib="Device" part="LED" description="Light emitting diode"/>
      <property name="Sheetname" value=""/>
      <property name="Sheetfile" value="esp-rust-board.kicad_sch"/>
      <sheetpath names="/" tstamps="/"/>
      <tstamps>00000000-0000-0000-0000-000062857c65</tstamps>
    </comp>
    <comp ref="D4">
      <value>B5819W</value>
      <footprint>Diode_SMD:D_SOD-123</footprint>
      <libsource lib="Device" part="D_Schottky" description="Schottky diode"/>
      <property name="Sheetname" value=""/>
      <property name="Sheetfile" value="esp-rust-board.kicad_sch"/>
      <sheetpath names="/" tstamps="/"/>
      <tstamps>00000000-0000-0000-0000-0000628c7e1d</tstamps>
    </comp>
    <comp ref="D5">
      <value>LESD5D5.0CT1G</value>
      <footprint>Diode_SMD:D_SOD-523</footprint>
      <libsource lib="Device" part="D_TVS" description="Bidirectional transient-voltage-suppression diode"/>
      <property name="Sheetname" value=""/>
      <property name="Sheetfile" value="esp-rust-board.kicad_sch"/>
      <sheetpath names="/" tstamps="/"/>
      <tstamps>00000000-0000-0000-0000-0000625f4ff4</tstamps>
    </comp>
    <comp ref="D6">
      <value>B5819W</value>
      <footprint>Diode_SMD:D_SOD-123</footprint>
      <libsource lib="Device" part="D_Schottky" description="Schottky diode"/>
      <property name="Sheetname" value=""/>
      <property name="Sheetfile" value="esp-rust-board.kicad_sch"/>
      <sheetpath names="/" tstamps="/"/>
      <tstamps>00000000-0000-0000-0000-000062a8f257</tstamps>
    </comp>
    <comp ref="D7">
      <value>LESD5D5.0CT1G</value>
      <footprint>Diode_SMD:D_SOD-523</footprint>
      <libsource lib="Device" part="D_TVS" description="Bidirectional transient-voltage-suppression diode"/>
      <property name="Sheetname" value=""/>
      <property name="Sheetfile" value="esp-rust-board.kicad_sch"/>
      <sheetpath names="/" tstamps="/"/>
      <tstamps>00000000-0000-0000-0000-000062676c43</tstamps>
    </comp>
    <comp ref="D8">
      <value>LESD5D5.0CT1G</value>
      <footprint>Diode_SMD:D_SOD-523</footprint>
      <libsource lib="Device" part="D_TVS" description="Bidirectional transient-voltage-suppression diode"/>
      <property name="Sheetname" value=""/>
      <property name="Sheetfile" value="esp-rust-board.kicad_sch"/>
      <sheetpath names="/" tstamps="/"/>
      <tstamps>00000000-0000-0000-0000-0000625f5840</tstamps>
    </comp>
    <comp ref="J1">
      <value>USB4105-GF-A</value>
      <footprint>Rust_Board:GCT_USB4105-GF-A</footprint>
      <fields>
        <field name="MANUFACTURER">GCT</field>
        <field name="MAXIMUM_PACKAGE_HEIGHT">3.31 mm</field>
        <field name="PARTREV">A3</field>
        <field name="STANDARD">Manufacturer Recommendations</field>
      </fields>
      <libsource lib="Rust_Board" part="USB4105-GF-A" description=""/>
      <property name="PARTREV" value="A3"/>
      <property name="STANDARD" value="Manufacturer Recommendations"/>
      <property name="MAXIMUM_PACKAGE_HEIGHT" value="3.31 mm"/>
      <property name="MANUFACTURER" value="GCT"/>
      <property name="Sheetname" value=""/>
      <property name="Sheetfile" value="esp-rust-board.kicad_sch"/>
      <sheetpath names="/" tstamps="/"/>
      <tstamps>00000000-0000-0000-0000-000061b8a098</tstamps>
    </comp>
    <comp ref="L1">
      <value>SPH4018H2R2MT (2.2uH 2.2A)</value>
      <footprint>Inductor_SMD:L_Bourns-SRN4018</footprint>
      <libsource lib="Device" part="L_Small" description="Inductor, small symbol"/>
      <property name="Sheetname" value=""/>
      <property name="Sheetfile" value="esp-rust-board.kicad_sch"/>
      <sheetpath names="/" tstamps="/"/>
      <tstamps>00000000-0000-0000-0000-000061b91f34</tstamps>
    </comp>
    <comp ref="Q1">
      <value>DMG3415U</value>
      <footprint>Package_TO_SOT_SMD:SOT-23</footprint>
      <datasheet>https://www.diodes.com/assets/Datasheets/DMG2301L.pdf</datasheet>
      <libsource lib="Transistor_FET" part="DMG2301L" description="-3A Id, -20V Vds, P-Channel MOSFET, SOT-23"/>
      <property name="Sheetname" value=""/>
      <property name="Sheetfile" value="esp-rust-board.kicad_sch"/>
      <sheetpath names="/" tstamps="/"/>
      <tstamps>00000000-0000-0000-0000-0000628bb66a</tstamps>
    </comp>
    <comp ref="R1">
      <value>10kR</value>
      <footprint>Resistor_SMD:R_0402_1005Metric</footprint>
      <libsource lib="Device" part="R_Small_US" description="Resistor, small US symbol"/>
      <property name="Sheetname" value=""/>
      <property name="Sheetfile" value="esp-rust-board.kicad_sch"/>
      <sheetpath names="/" tstamps="/"/>
      <tstamps>00000000-0000-0000-0000-000061b9d284</tstamps>
    </comp>
    <comp ref="R2">
      <value>100kR 1%</value>
      <footprint>Resistor_SMD:R_0402_1005Metric</footprint>
      <libsource lib="Device" part="R_Small_US" description="Resistor, small US symbol"/>
      <property name="Sheetname" value=""/>
      <property name="Sheetfile" value="esp-rust-board.kicad_sch"/>
      <sheetpath names="/" tstamps="/"/>
      <tstamps>00000000-0000-0000-0000-000061b91649</tstamps>
    </comp>
    <comp ref="R3">
      <value>22k1R 1%</value>
      <footprint>Resistor_SMD:R_0402_1005Metric</footprint>
      <libsource lib="Device" part="R_Small_US" description="Resistor, small US symbol"/>
      <property name="Sheetname" value=""/>
      <property name="Sheetfile" value="esp-rust-board.kicad_sch"/>
      <sheetpath names="/" tstamps="/"/>
      <tstamps>00000000-0000-0000-0000-000061b91863</tstamps>
    </comp>
    <comp ref="R4">
      <value>5k1R 1%</value>
      <footprint>Resistor_SMD:R_0402_1005Metric</footprint>
      <libsource lib="Device" part="R_Small_US" description="Resistor, small US symbol"/>
      <property name="Sheetname" value=""/>
      <property name="Sheetfile" value="esp-rust-board.kicad_sch"/>
      <sheetpath names="/" tstamps="/"/>
      <tstamps>00000000-0000-0000-0000-000061bb709b</tstamps>
    </comp>
    <comp ref="R6">
      <value>5k1R 1%</value>
      <footprint>Resistor_SMD:R_0402_1005Metric</footprint>
      <libsource lib="Device" part="R_Small_US" description="Resistor, small US symbol"/>
      <property name="Sheetname" value=""/>
      <property name="Sheetfile" value="esp-rust-board.kicad_sch"/>
      <sheetpath names="/" tstamps="/"/>
      <tstamps>00000000-0000-0000-0000-000061bb74b4</tstamps>
    </comp>
    <comp ref="R7">
      <value>0R 1%</value>
      <footprint>Resistor_SMD:R_0402_1005Metric</footprint>
      <libsource lib="Device" part="R_Small_US" description="Resistor, small US symbol"/>
      <property name="Sheetname" value=""/>
      <property name="Sheetfile" value="esp-rust-board.kicad_sch"/>
      <sheetpath names="/" tstamps="/"/>
      <tstamps>00000000-0000-0000-0000-00006244b845</tstamps>
    </comp>
    <comp ref="R8">
      <value>10kR 1%</value>
      <footprint>Resistor_SMD:R_0402_1005Metric</footprint>
      <libsource lib="Device" part="R_Small_US" description="Resistor, small US symbol"/>
      <property name="Sheetname" value=""/>
      <property name="Sheetfile" value="esp-rust-board.kicad_sch"/>
      <sheetpath names="/" tstamps="/"/>
      <tstamps>00000000-0000-0000-0000-000061cdb32a</tstamps>
    </comp>
    <comp ref="R9">
      <value>10kR 1%</value>
      <footprint>Resistor_SMD:R_0402_1005Metric</footprint>
      <libsource lib="Device" part="R_Small_US" description="Resistor, small US symbol"/>
      <property name="Sheetname" value=""/>
      <property name="Sheetfile" value="esp-rust-board.kicad_sch"/>
      <sheetpath names="/" tstamps="/"/>
      <tstamps>00000000-0000-0000-0000-00006274c951</tstamps>
    </comp>
    <comp ref="R10">
      <value>470R 1%</value>
      <footprint>Resistor_SMD:R_0402_1005Metric</footprint>
      <libsource lib="Device" part="R_Small_US" description="Resistor, small US symbol"/>
      <property name="Sheetname" value=""/>
      <property name="Sheetfile" value="esp-rust-board.kicad_sch"/>
      <sheetpath names="/" tstamps="/"/>
      <tstamps>00000000-0000-0000-0000-000061fd2b34</tstamps>
    </comp>
    <comp ref="R14">
      <value>1kR 1%</value>
      <footprint>Resistor_SMD:R_0402_1005Metric</footprint>
      <libsource lib="Device" part="R_Small_US" description="Resistor, small US symbol"/>
      <property name="Sheetname" value=""/>
      <property name="Sheetfile" value="esp-rust-board.kicad_sch"/>
      <sheetpath names="/" tstamps="/"/>
      <tstamps>00000000-0000-0000-0000-0000626dba1a</tstamps>
    </comp>
    <comp ref="R15">
      <value>100kR 1%</value>
      <footprint>Resistor_SMD:R_0402_1005Metric</footprint>
      <libsource lib="Device" part="R_Small_US" description="Resistor, small US symbol"/>
      <property name="Sheetname" value=""/>
      <property name="Sheetfile" value="esp-rust-board.kicad_sch"/>
      <sheetpath names="/" tstamps="/"/>
      <tstamps>00000000-0000-0000-0000-0000628ca495</tstamps>
    </comp>
    <comp ref="R17">
      <value>10kR 1%</value>
      <footprint>Resistor_SMD:R_0402_1005Metric</footprint>
      <libsource lib="Device" part="R_Small_US" description="Resistor, small US symbol"/>
      <property name="Sheetname" value=""/>
      <property name="Sheetfile" value="esp-rust-board.kicad_sch"/>
      <sheetpath names="/" tstamps="/"/>
      <tstamps>00000000-0000-0000-0000-000061f1a495</tstamps>
    </comp>
    <comp ref="R18">
      <value>10kR 1%</value>
      <footprint>Resistor_SMD:R_0402_1005Metric</footprint>
      <libsource lib="Device" part="R_Small_US" description="Resistor, small US symbol"/>
      <property name="Sheetname" value=""/>
      <property name="Sheetfile" value="esp-rust-board.kicad_sch"/>
      <sheetpath names="/" tstamps="/"/>
      <tstamps>00000000-0000-0000-0000-000061f37576</tstamps>
    </comp>
    <comp ref="R19">
      <value>10kR 1%</value>
      <footprint>Resistor_SMD:R_0402_1005Metric</footprint>
      <libsource lib="Device" part="R_Small_US" description="Resistor, small US symbol"/>
      <property name="Sheetname" value=""/>
      <property name="Sheetfile" value="esp-rust-board.kicad_sch"/>
      <sheetpath names="/" tstamps="/"/>
      <tstamps>00000000-0000-0000-0000-000062d83dc6</tstamps>
    </comp>
    <comp ref="SW1">
      <value>SW_Push</value>
      <footprint>Button_Switch_SMD:SW_SPST_PTS810</footprint>
      <libsource lib="Switch" part="SW_Push" description="Push button switch, generic, two pins"/>
      <property name="Sheetname" value=""/>
      <property name="Sheetfile" value="esp-rust-board.kicad_sch"/>
      <sheetpath names="/" tstamps="/"/>
      <tstamps>00000000-0000-0000-0000-000061c5d315</tstamps>
    </comp>
    <comp ref="SW2">
      <value>SW_Push</value>
      <footprint>Button_Switch_SMD:SW_SPST_PTS810</footprint>
      <libsource lib="Switch" part="SW_Push" description="Push button switch, generic, two pins"/>
      <property name="Sheetname" value=""/>
      <property name="Sheetfile" value="esp-rust-board.kicad_sch"/>
      <sheetpath names="/" tstamps="/"/>
      <tstamps>00000000-0000-0000-0000-000061c5d870</tstamps>
    </comp>
    <comp ref="U1">
      <value>SHTC3</value>
      <footprint>Rust_Board:SON100P200X200X80-5N</footprint>
      <fields>
        <field name="MANUFACTURER">Sensirion</field>
        <field name="MAXIMUM_PACKAGE_HEIGHT">0.80mm</field>
        <field name="PARTREV">3</field>
        <field name="STANDARD">IPC-7351B</field>
      </fields>
      <libsource lib="Rust_Board" part="SHTC3" description=""/>
      <property name="PARTREV" value="3"/>
      <property name="MANUFACTURER" value="Sensirion"/>
      <property name="MAXIMUM_PACKAGE_HEIGHT" value="0.80mm"/>
      <property name="STANDARD" value="IPC-7351B"/>
      <property name="Sheetname" value=""/>
      <property name="Sheetfile" value="esp-rust-board.kicad_sch"/>
      <sheetpath names="/" tstamps="/"/>
      <tstamps>00000000-0000-0000-0000-000061b89283</tstamps>
    </comp>
    <comp ref="U2">
      <value>ICM-42670-P</value>
      <footprint>Rust_Board:IC_ICM-42670-P</footprint>
      <fields>
        <field name="MANUFACTURER">TDK InvenSense</field>
        <field name="MAXIMUM_PACKAGE_HEIGHT">0.81mm</field>
        <field name="PARTREV">1.0</field>
        <field name="STANDARD">Manufacturer Recommendations</field>
      </fields>
      <libsource lib="Rust_Board" part="ICM-42670-P" description=""/>
      <property name="MAXIMUM_PACKAGE_HEIGHT" value="0.81mm"/>
      <property name="MANUFACTURER" value="TDK InvenSense"/>
      <property name="PARTREV" value="1.0"/>
      <property name="STANDARD" value="Manufacturer Recommendations"/>
      <property name="Sheetname" value=""/>
      <property name="Sheetfile" value="esp-rust-board.kicad_sch"/>
      <sheetpath names="/" tstamps="/"/>
      <tstamps>00000000-0000-0000-0000-000061b888bf</tstamps>
    </comp>
    <comp ref="U3">
      <value>ESP32-C3-MINI-1</value>
      <footprint>Espressif:ESP32-C3-MINI-1</footprint>
      <datasheet>https://www.espressif.com/sites/default/files/documentation/esp32-c3-mini-1_datasheet_en.pdf</datasheet>
      <libsource lib="Espressif" part="ESP32-C3-MINI-1" description=""/>
      <property name="Sheetname" value=""/>
      <property name="Sheetfile" value="esp-rust-board.kicad_sch"/>
      <sheetpath names="/" tstamps="/"/>
      <tstamps>00000000-0000-0000-0000-000061b8abaf</tstamps>
    </comp>
    <comp ref="U4">
      <value>Rust_Board</value>
      <footprint>Rust_Board:Rust_Board_Ret</footprint>
      <libsource lib="Rust_Board" part="Rust_Board" description=""/>
      <property name="Sheetname" value=""/>
      <property name="Sheetfile" value="esp-rust-board.kicad_sch"/>
      <sheetpath names="/" tstamps="/"/>
      <tstamps>00000000-0000-0000-0000-000061b87401</tstamps>
    </comp>
    <comp ref="U5">
      <value>SY8088</value>
      <footprint>Package_TO_SOT_SMD:SOT-23-5</footprint>
      <libsource lib="Rust_Board" part="SY8088" description=""/>
      <property name="Sheetname" value=""/>
      <property name="Sheetfile" value="esp-rust-board.kicad_sch"/>
      <sheetpath names="/" tstamps="/"/>
      <tstamps>00000000-0000-0000-0000-000061b89997</tstamps>
    </comp>
    <comp ref="U6">
      <value>MCP73831-2-OT</value>
      <footprint>Package_TO_SOT_SMD:SOT-23-5</footprint>
      <datasheet>http://ww1.microchip.com/downloads/en/DeviceDoc/20001984g.pdf</datasheet>
      <libsource lib="Battery_Management" part="MCP73831-2-OT" description="Single cell, Li-Ion/Li-Po charge management controller, 4.20V, Tri-State Status Output, in SOT23-5 package"/>
      <property name="Sheetname" value=""/>
      <property name="Sheetfile" value="esp-rust-board.kicad_sch"/>
      <sheetpath names="/" tstamps="/"/>
      <tstamps>00000000-0000-0000-0000-0000626d21df</tstamps>
    </comp>
  </components>
  <libparts>
    <libpart lib="Battery_Management" part="MCP73831-2-OT">
      <description>Single cell, Li-Ion/Li-Po charge management controller, 4.20V, Tri-State Status Output, in SOT23-5 package</description>
      <docs>http://ww1.microchip.com/downloads/en/DeviceDoc/20001984g.pdf</docs>
      <footprints>
        <fp>SOT?23*</fp>
      </footprints>
      <fields>
        <field name="Reference">U</field>
        <field name="Value">MCP73831-2-OT</field>
        <field name="Footprint">Package_TO_SOT_SMD:SOT-23-5</field>
        <field name="Datasheet">http://ww1.microchip.com/downloads/en/DeviceDoc/20001984g.pdf</field>
      </fields>
      <pins>
        <pin num="1" name="STAT" type="output"/>
        <pin num="2" name="VSS" type="power_in"/>
        <pin num="3" name="VBAT" type="power_out"/>
        <pin num="4" name="VDD" type="power_in"/>
        <pin num="5" name="PROG" type="input"/>
      </pins>
    </libpart>
    <libpart lib="Connector" part="TestPoint">
      <description>test point</description>
      <docs>~</docs>
      <footprints>
        <fp>Pin*</fp>
        <fp>Test*</fp>
      </footprints>
      <fields>
        <field name="Reference">TP</field>
        <field name="Value">TestPoint</field>
        <field name="Datasheet">~</field>
      </fields>
      <pins>
        <pin num="1" name="1" type="passive"/>
      </pins>
    </libpart>
    <libpart lib="Device" part="C_Small">
      <description>Unpolarized capacitor, small symbol</description>
      <docs>~</docs>
      <footprints>
        <fp>C_*</fp>
      </footprints>
      <fields>
        <field name="Reference">C</field>
        <field name="Value">C_Small</field>
        <field name="Datasheet">~</field>
      </fields>
      <pins>
        <pin num="1" name="" type="passive"/>
        <pin num="2" name="" type="passive"/>
      </pins>
    </libpart>
    <libpart lib="Device" part="Crystal">
      <description>Two pin crystal</description>
      <docs>~</docs>
      <footprints>
        <fp>Crystal*</fp>
      </footprints>
      <fields>
        <field name="Reference">Y</field>
        <field name="Value">Crystal</field>
        <field name="Datasheet">~</field>
      </fields>
      <pins>
        <pin num="1" name="1" type="passive"/>
        <pin num="2" name="2" type="passive"/>
      </pins>
    </libpart>
    <libpart lib="Device" part="D_Schottky">
      <description>Schottky diode</description>
      <docs>~</docs>
      <footprints>
        <fp>TO-???*</fp>
        <fp>*_Diode_*</fp>
        <fp>*SingleDiode*</fp>
        <fp>D_*</fp>
      </footprints>
      <fields>
        <field name="Reference">D</field>
        <field name="Value">D_Schottky</field>
        <field name="Datasheet">~</field>
      </fields>
      <pins>
        <pin num="1" name="K" type="passive"/>
        <pin num="2" name="A" type="passive"/>
      </pins>
    </libpart>
    <libpart lib="Device" part="D_TVS">
      <description>Bidirectional transient-voltage-suppression diode</description>
      <docs>~</docs>
      <footprints>
        <fp>TO-???*</fp>
        <fp>*_Diode_*</fp>
        <fp>*SingleDiode*</fp>
        <fp>D_*</fp>
      </footprints>
      <fields>
        <field name="Reference">D</field>
        <field name="Value">D_TVS</field>
        <field name="Datasheet">~</field>
      </fields>
      <pins>
        <pin num="1" name="A1" type="passive"/>
        <pin num="2" name="A2" type="passive"/>
      </pins>
    </libpart>
    <libpart lib="Device" part="LED">
      <description>Light emitting diode</description>
      <docs>~</docs>
      <footprints>
        <fp>LED*</fp>
        <fp>LED_SMD:*</fp>
        <fp>LED_THT:*</fp>
      </footprints>
      <fields>
        <field name="Reference">D</field>
        <field name="Value">LED</field>
        <field name="Datasheet">~</field>
      </fields>
      <pins>
        <pin num="1" name="K" type="passive"/>
        <pin num="2" name="A" type="passive"/>
      </pins>
    </libpart>
    <libpart lib="Device" part="L_Small">
      <description>Inductor, small symbol</description>
      <docs>~</docs>
      <footprints>
        <fp>Choke_*</fp>
        <fp>*Coil*</fp>
        <fp>Inductor_*</fp>
        <fp>L_*</fp>
      </footprints>
      <fields>
        <field name="Reference">L</field>
        <field name="Value">L_Small</field>
        <field name="Datasheet">~</field>
      </fields>
      <pins>
        <pin num="1" name="" type="passive"/>
        <pin num="2" name="" type="passive"/>
      </pins>
    </libpart>
    <libpart lib="Device" part="R_Small_US">
      <description>Resistor, small US symbol</description>
      <docs>~</docs>
      <footprints>
        <fp>R_*</fp>
      </footprints>
      <fields>
        <field name="Reference">R</field>
        <field name="Value">R_Small_US</field>
        <field name="Datasheet">~</field>
      </fields>
      <pins>
        <pin num="1" name="" type="passive"/>
        <pin num="2" name="" type="passive"/>
      </pins>
    </libpart>
    <libpart lib="Espressif" part="ESP32-C3-MINI-1">
      <fields>
        <field name="Reference">U</field>
        <field name="Value">Espressif_ESP32-C3-MINI-1</field>
        <field name="Footprint">Espressif:ESP32-C3-MINI-1</field>
      </fields>
      <pins>
        <pin num="1" name="GND" type="power_in"/>
        <pin num="2" name="GND" type="power_in"/>
        <pin num="3" name="3V3" type="power_in"/>
        <pin num="4" name="NC" type="no_connect"/>
        <pin num="5" name="GPIO2/ADC1_CH2" type="bidirectional"/>
        <pin num="6" name="GPIO3/ADC1_CH3" type="bidirectional"/>
        <pin num="7" name="NC" type="no_connect"/>
        <pin num="8" name="EN/CHIP_PU" type="input"/>
        <pin num="9" name="NC" type="no_connect"/>
        <pin num="10" name="NC" type="no_connect"/>
        <pin num="11" name="GND" type="power_in"/>
        <pin num="12" name="GPIO0/ADC1_CH0/XTAL_32K_P" type="bidirectional"/>
        <pin num="13" name="GPIO1/ADC1_CH1/XTAL_32K_N" type="bidirectional"/>
        <pin num="14" name="GND" type="power_in"/>
        <pin num="15" name="NC" type="no_connect"/>
        <pin num="16" name="GPIO10" type="bidirectional"/>
        <pin num="17" name="NC" type="no_connect"/>
        <pin num="18" name="GPIO4/ADC1_CH4" type="bidirectional"/>
        <pin num="19" name="GPIO5/ADC2_CH0" type="bidirectional"/>
        <pin num="20" name="GPIO6" type="bidirectional"/>
        <pin num="21" name="GPIO7" type="bidirectional"/>
        <pin num="22" name="GPIO8" type="bidirectional"/>
        <pin num="23" name="GPIO9" type="bidirectional"/>
        <pin num="24" name="NC" type="no_connect"/>
        <pin num="25" name="NC" type="no_connect"/>
        <pin num="26" name="GPIO18/USB_D-" type="bidirectional"/>
        <pin num="27" name="GPIO19/USB_D+" type="bidirectional"/>
        <pin num="28" name="NC" type="no_connect"/>
        <pin num="29" name="NC" type="no_connect"/>
        <pin num="30" name="GPIO20/U0RXD" type="bidirectional"/>
        <pin num="31" name="GPIO21/U0TXD" type="bidirectional"/>
        <pin num="32" name="NC" type="no_connect"/>
        <pin num="33" name="NC" type="no_connect"/>
        <pin num="34" name="NC" type="no_connect"/>
        <pin num="35" name="NC" type="no_connect"/>
        <pin num="36" name="GND" type="power_in"/>
      </pins>
    </libpart>
    <libpart lib="Rust_Board" part="ICM-42670-P">
      <fields>
        <field name="Reference">U</field>
        <field name="Value">Rust_Board_ICM-42670-P</field>
        <field name="Footprint">IC_ICM-42670-P</field>
        <field name="MAXIMUM_PACKAGE_HEIGHT">0.81mm</field>
        <field name="MANUFACTURER">TDK InvenSense</field>
        <field name="PARTREV">1.0</field>
        <field name="STANDARD">Manufacturer Recommendations</field>
      </fields>
      <pins>
        <pin num="1" name="AP_SDO/AP_AD0" type="bidirectional"/>
        <pin num="2" name="RESV_1" type="no_connect"/>
        <pin num="3" name="RESV_2" type="no_connect"/>
        <pin num="4" name="INT1/INT" type="output"/>
        <pin num="5" name="VDDIO" type="power_in"/>
        <pin num="6" name="GND" type="power_in"/>
        <pin num="7" name="FSYNC" type="input"/>
        <pin num="8" name="VDD" type="power_in"/>
        <pin num="9" name="INT2" type="output"/>
        <pin num="10" name="RESV_3" type="no_connect"/>
        <pin num="11" name="RESV_4" type="no_connect"/>
        <pin num="12" name="AP_CS" type="input"/>
        <pin num="13" name="AP_SCL/AP_SCLK" type="input"/>
        <pin num="14" name="AP_SDA/AP_SDIO/AP_SDI" type="bidirectional"/>
      </pins>
    </libpart>
    <libpart lib="Rust_Board" part="Rust_Board">
      <fields>
        <field name="Reference">U</field>
        <field name="Value">Rust_Board</field>
        <field name="Footprint">Rust_Board:Rust_Board_Ret</field>
      </fields>
      <pins>
        <pin num="1" name="RST" type="input"/>
        <pin num="2" name="3V3" type="power_in"/>
        <pin num="3" name="N/C" type="no_connect"/>
        <pin num="4" name="GND" type="power_in"/>
        <pin num="5" name="A0/GPIO0" type="bidirectional"/>
        <pin num="6" name="A1/GPIO1" type="bidirectional"/>
        <pin num="7" name="A2/GPIO2" type="bidirectional"/>
        <pin num="8" name="A3/GPIO3" type="bidirectional"/>
        <pin num="9" name="A4/GPIO4" type="bidirectional"/>
        <pin num="10" name="A5/GPIO5" type="bidirectional"/>
        <pin num="11" name="GPIO6" type="bidirectional"/>
        <pin num="12" name="GPIO7" type="bidirectional"/>
        <pin num="13" name="GPIO8" type="bidirectional"/>
        <pin num="14" name="TXD/GPIO21" type="bidirectional"/>
        <pin num="15" name="RXD/GPIO20" type="bidirectional"/>
        <pin num="16" name="BOOT/GPIO9" type="bidirectional"/>
        <pin num="17" name="SDA/GPIO10" type="bidirectional"/>
        <pin num="18" name="SCL/GPIO8" type="bidirectional"/>
        <pin num="19" name="USB_D+/GPIO19" type="bidirectional"/>
        <pin num="20" name="USB_D-/GPIO18" type="bidirectional"/>
        <pin num="21" name="SPIQ/GPIO17" type="bidirectional"/>
        <pin num="22" name="SPID/GPIO16" type="bidirectional"/>
        <pin num="23" name="SPICLK/GPIO15" type="bidirectional"/>
        <pin num="24" name="SPIWP/GPIO13" type="bidirectional"/>
        <pin num="25" name="SPIHD/GPIO12" type="bidirectional"/>
        <pin num="26" name="VBUS" type="power_in"/>
        <pin num="27" name="ENABLE" type="input"/>
        <pin num="28" name="VBAT" type="power_in"/>
        <pin num="29" name="BAT-" type="power_in"/>
        <pin num="30" name="BAT+" type="power_in"/>
      </pins>
    </libpart>
    <libpart lib="Rust_Board" part="SHTC3">
      <fields>
        <field name="Reference">U</field>
        <field name="Value">Rust_Board_SHTC3</field>
        <field name="Footprint">SON100P200X200X80-5N</field>
        <field name="PARTREV">3</field>
        <field name="MANUFACTURER">Sensirion</field>
        <field name="MAXIMUM_PACKAGE_HEIGHT">0.80mm</field>
        <field name="STANDARD">IPC-7351B</field>
      </fields>
      <pins>
        <pin num="1" name="VDD" type="power_in"/>
        <pin num="2" name="SCL" type="bidirectional"/>
        <pin num="3" name="SDA" type="bidirectional"/>
        <pin num="4" name="VSS" type="power_in"/>
        <pin num="5" name="EXP" type="power_in"/>
      </pins>
    </libpart>
    <libpart lib="Rust_Board" part="SY8088">
      <fields>
        <field name="Reference">U</field>
        <field name="Value">Rust_Board_SY8088</field>
        <field name="Footprint">Package_TO_SOT_SMD:SOT-23-5</field>
      </fields>
      <pins>
        <pin num="1" name="EN" type="input"/>
        <pin num="2" name="GND" type="power_in"/>
        <pin num="3" name="LX" type="power_out"/>
        <pin num="4" name="IN" type="power_in"/>
        <pin num="5" name="FB" type="input"/>
      </pins>
    </libpart>
    <libpart lib="Rust_Board" part="USB4105-GF-A">
      <fields>
        <field name="Reference">J</field>
        <field name="Value">Rust_Board_USB4105-GF-A</field>
        <field name="Footprint">GCT_USB4105-GF-A</field>
        <field name="PARTREV">A3</field>
        <field name="STANDARD">Manufacturer Recommendations</field>
        <field name="MAXIMUM_PACKAGE_HEIGHT">3.31 mm</field>
        <field name="MANUFACTURER">GCT</field>
      </fields>
      <pins>
        <pin num="A1_B12" name="GND" type="power_in"/>
        <pin num="A4_B9" name="VBUS" type="power_in"/>
        <pin num="A5" name="CC1" type="bidirectional"/>
        <pin num="A6" name="DP1" type="bidirectional"/>
        <pin num="A7" name="DN1" type="bidirectional"/>
        <pin num="A8" name="SBU1" type="bidirectional"/>
        <pin num="B1_A12" name="GND" type="power_in"/>
        <pin num="B4_A9" name="VBUS" type="power_in"/>
        <pin num="B5" name="CC2" type="bidirectional"/>
        <pin num="B6" name="DP2" type="bidirectional"/>
        <pin num="B7" name="DN2" type="bidirectional"/>
        <pin num="B8" name="SBU2" type="bidirectional"/>
        <pin num="S1" name="SHELL_GND" type="power_in"/>
        <pin num="S2" name="SHELL_GND" type="power_in"/>
        <pin num="S3" name="SHELL_GND" type="power_in"/>
        <pin num="S4" name="SHELL_GND" type="power_in"/>
      </pins>
    </libpart>
    <libpart lib="Switch" part="SW_Push">
      <description>Push button switch, generic, two pins</description>
      <docs>~</docs>
      <fields>
        <field name="Reference">SW</field>
        <field name="Value">SW_Push</field>
        <field name="Datasheet">~</field>
      </fields>
      <pins>
        <pin num="1" name="1" type="passive"/>
        <pin num="2" name="2" type="passive"/>
      </pins>
    </libpart>
    <libpart lib="Transistor_FET" part="DMG2301L">
      <description>-3A Id, -20V Vds, P-Channel MOSFET, SOT-23</description>
      <docs>https://www.diodes.com/assets/Datasheets/DMG2301L.pdf</docs>
      <footprints>
        <fp>SOT?23*</fp>
      </footprints>
      <fields>
        <field name="Reference">Q</field>
        <field name="Value">DMG2301L</field>
        <field name="Footprint">Package_TO_SOT_SMD:SOT-23</field>
        <field name="Datasheet">https://www.diodes.com/assets/Datasheets/DMG2301L.pdf</field>
      </fields>
      <pins>
        <pin num="1" name="G" type="input"/>
        <pin num="2" name="S" type="passive"/>
        <pin num="3" name="D" type="passive"/>
      </pins>
    </libpart>
  </libparts>
  <libraries>
    <library logical="Battery_Management">
      <uri>/usr/share/kicad/symbols//Battery_Management.kicad_sym</uri>
    </library>
    <library logical="Connector">
      <uri>/usr/share/kicad/symbols//Connector.kicad_sym</uri>
    </library>
    <library logical="Device">
      <uri>/usr/share/kicad/symbols//Device.kicad_sym</uri>
    </library>
    <library logical="Rust_Board">
      <uri>/home/pedro/Documents/espressif/github/rust-board/kicad_libs/Rust_Board.kicad_sym</uri>
    </library>
    <library logical="Switch">
      <uri>/usr/share/kicad/symbols//Switch.kicad_sym</uri>
    </library>
    <library logical="Transistor_FET">
      <uri>/usr/share/kicad/symbols//Transistor_FET.kicad_sym</uri>
    </library>
  </libraries>
  <nets>
    <net code="1" name="+3V3">
      <node ref="C1" pin="1" pintype="passive"/>
      <node ref="C11" pin="1" pintype="passive"/>
      <node ref="C2" pin="1" pintype="passive"/>
      <node ref="C3" pin="1" pintype="passive"/>
      <node ref="C4" pin="1" pintype="passive"/>
      <node ref="C6" pin="1" pintype="passive"/>
      <node ref="C7" pin="1" pintype="passive"/>
      <node ref="C8" pin="1" pintype="passive"/>
      <node ref="C9" pin="1" pintype="passive"/>
      <node ref="D1" pin="1" pinfunction="A1" pintype="passive"/>
      <node ref="L1" pin="2" pintype="passive"/>
      <node ref="R17" pin="1" pintype="passive"/>
      <node ref="R18" pin="1" pintype="passive"/>
      <node ref="R19" pin="1" pintype="passive"/>
      <node ref="R2" pin="1" pintype="passive"/>
      <node ref="R7" pin="2" pintype="passive"/>
      <node ref="R8" pin="1" pintype="passive"/>
      <node ref="U1" pin="1" pinfunction="VDD" pintype="power_in"/>
      <node ref="U2" pin="5" pinfunction="VDDIO" pintype="power_in"/>
      <node ref="U2" pin="8" pinfunction="VDD" pintype="power_in"/>
      <node ref="U3" pin="3" pinfunction="3V3" pintype="power_in"/>
      <node ref="U4" pin="2" pinfunction="3V3" pintype="power_in"/>
    </net>
    <net code="2" name="+5V">
      <node ref="C5" pin="1" pintype="passive"/>
      <node ref="D4" pin="1" pinfunction="K" pintype="passive"/>
      <node ref="Q1" pin="2" pinfunction="S" pintype="passive"/>
      <node ref="R1" pin="1" pintype="passive"/>
      <node ref="U5" pin="4" pinfunction="IN" pintype="power_in"/>
    </net>
    <net code="3" name="+BATT">
      <node ref="C16" pin="1" pintype="passive"/>
      <node ref="Q1" pin="3" pinfunction="D" pintype="passive"/>
      <node ref="U4" pin="28" pinfunction="VBAT" pintype="power_in"/>
      <node ref="U4" pin="30" pinfunction="BAT+" pintype="power_in"/>
      <node ref="U6" pin="3" pinfunction="VBAT" pintype="power_out"/>
    </net>
    <net code="4" name="/Buck_Coil">
      <node ref="L1" pin="1" pintype="passive"/>
      <node ref="U5" pin="3" pinfunction="LX" pintype="power_out"/>
    </net>
    <net code="5" name="CHIP_PU">
      <node ref="C10" pin="1" pintype="passive"/>
      <node ref="R8" pin="2" pintype="passive"/>
      <node ref="SW1" pin="1" pinfunction="1" pintype="passive"/>
      <node ref="U3" pin="8" pinfunction="EN/CHIP_PU" pintype="input"/>
      <node ref="U4" pin="1" pinfunction="RST" pintype="input"/>
    </net>
    <net code="6" name="ENABLE">
      <node ref="R1" pin="2" pintype="passive"/>
      <node ref="U4" pin="27" pinfunction="ENABLE" pintype="input"/>
      <node ref="U5" pin="1" pinfunction="EN" pintype="input"/>
    </net>
    <net code="7" name="GND">
      <node ref="C1" pin="2" pintype="passive"/>
      <node ref="C10" pin="2" pintype="passive"/>
      <node ref="C11" pin="2" pintype="passive"/>
      <node ref="C15" pin="1" pintype="passive"/>
      <node ref="C16" pin="2" pintype="passive"/>
      <node ref="C2" pin="2" pintype="passive"/>
      <node ref="C3" pin="2" pintype="passive"/>
      <node ref="C4" pin="2" pintype="passive"/>
      <node ref="C5" pin="2" pintype="passive"/>
      <node ref="C7" pin="2" pintype="passive"/>
      <node ref="C8" pin="2" pintype="passive"/>
      <node ref="C9" pin="2" pintype="passive"/>
      <node ref="D1" pin="2" pinfunction="A2" pintype="passive"/>
      <node ref="D2" pin="1" pinfunction="K" pintype="passive"/>
      <node ref="D5" pin="2" pinfunction="A2" pintype="passive"/>
      <node ref="D7" pin="2" pinfunction="A2" pintype="passive"/>
      <node ref="D8" pin="2" pinfunction="A2" pintype="passive"/>
      <node ref="J1" pin="A1_B12" pinfunction="GND" pintype="power_in"/>
      <node ref="J1" pin="B1_A12" pinfunction="GND" pintype="power_in"/>
      <node ref="J1" pin="S1" pinfunction="SHELL_GND" pintype="power_in"/>
      <node ref="J1" pin="S2" pinfunction="SHELL_GND" pintype="power_in"/>
      <node ref="J1" pin="S3" pinfunction="SHELL_GND" pintype="power_in"/>
      <node ref="J1" pin="S4" pinfunction="SHELL_GND" pintype="power_in"/>
      <node ref="R15" pin="2" pintype="passive"/>
      <node ref="R3" pin="2" pintype="passive"/>
      <node ref="R4" pin="2" pintype="passive"/>
      <node ref="R6" pin="2" pintype="passive"/>
      <node ref="R9" pin="1" pintype="passive"/>
      <node ref="SW1" pin="2" pinfunction="2" pintype="passive"/>
      <node ref="SW2" pin="2" pinfunction="2" pintype="passive"/>
      <node ref="U1" pin="4" pinfunction="VSS" pintype="power_in"/>
      <node ref="U1" pin="5" pinfunction="EXP" pintype="power_in"/>
      <node ref="U2" pin="1" pinfunction="AP_SDO/AP_AD0" pintype="bidirectional"/>
      <node ref="U2" pin="6" pinfunction="GND" pintype="power_in"/>
      <node ref="U2" pin="7" pinfunction="FSYNC" pintype="input"/>
      <node ref="U3" pin="1" pinfunction="GND" pintype="power_in"/>
      <node ref="U3" pin="11" pinfunction="GND" pintype="power_in"/>
      <node ref="U3" pin="14" pinfunction="GND" pintype="power_in"/>
      <node ref="U3" pin="2" pinfunction="GND" pintype="power_in"/>
      <node ref="U3" pin="36" pinfunction="GND" pintype="power_in"/>
      <node ref="U4" pin="29" pinfunction="BAT-" pintype="power_in"/>
      <node ref="U4" pin="4" pinfunction="GND" pintype="power_in"/>
      <node ref="U5" pin="2" pinfunction="GND" pintype="power_in"/>
      <node ref="U6" pin="2" pinfunction="VSS" pintype="power_in"/>
    </net>
    <net code="8" name="IO0">
      <node ref="U3" pin="12" pinfunction="GPIO0/ADC1_CH0/XTAL_32K_P" pintype="bidirectional"/>
      <node ref="U4" pin="5" pinfunction="A0/GPIO0" pintype="bidirectional"/>
    </net>
    <net code="9" name="IO1">
      <node ref="U3" pin="13" pinfunction="GPIO1/ADC1_CH1/XTAL_32K_N" pintype="bidirectional"/>
      <node ref="U4" pin="6" pinfunction="A1/GPIO1" pintype="bidirectional"/>
    </net>
    <net code="10" name="IO2">
      <node ref="U3" pin="5" pinfunction="GPIO2/ADC1_CH2" pintype="bidirectional"/>
      <node ref="U4" pin="7" pinfunction="A2/GPIO2" pintype="bidirectional"/>
    </net>
    <net code="11" name="IO3">
      <node ref="U3" pin="6" pinfunction="GPIO3/ADC1_CH3" pintype="bidirectional"/>
      <node ref="U4" pin="8" pinfunction="A3/GPIO3" pintype="bidirectional"/>
    </net>
    <net code="12" name="IO4">
      <node ref="U3" pin="18" pinfunction="GPIO4/ADC1_CH4" pintype="bidirectional"/>
      <node ref="U4" pin="9" pinfunction="A4/GPIO4" pintype="bidirectional"/>
    </net>
    <net code="13" name="IO5">
      <node ref="U3" pin="19" pinfunction="GPIO5/ADC2_CH0" pintype="bidirectional"/>
      <node ref="U4" pin="10" pinfunction="A5/GPIO5" pintype="bidirectional"/>
    </net>
    <net code="14" name="IO6">
      <node ref="U3" pin="20" pinfunction="GPIO6" pintype="bidirectional"/>
      <node ref="U4" pin="11" pinfunction="GPIO6" pintype="bidirectional"/>
    </net>
    <net code="15" name="IO7">
      <node ref="R10" pin="1" pintype="passive"/>
      <node ref="U3" pin="21" pinfunction="GPIO7" pintype="bidirectional"/>
      <node ref="U4" pin="12" pinfunction="GPIO7" pintype="bidirectional"/>
    </net>
    <net code="16" name="IO8_SCL">
      <node ref="R17" pin="2" pintype="passive"/>
      <node ref="U1" pin="2" pinfunction="SCL" pintype="bidirectional"/>
      <node ref="U2" pin="13" pinfunction="AP_SCL/AP_SCLK" pintype="input"/>
      <node ref="U3" pin="22" pinfunction="GPIO8" pintype="bidirectional"/>
      <node ref="U4" pin="13" pinfunction="GPIO8" pintype="bidirectional"/>
      <node ref="U4" pin="18" pinfunction="SCL/GPIO8" pintype="bidirectional"/>
    </net>
    <net code="17" name="IO9_BOOT">
      <node ref="R19" pin="2" pintype="passive"/>
      <node ref="SW2" pin="1" pinfunction="1" pintype="passive"/>
      <node ref="U3" pin="23" pinfunction="GPIO9" pintype="bidirectional"/>
      <node ref="U4" pin="16" pinfunction="BOOT/GPIO9" pintype="bidirectional"/>
    </net>
    <net code="18" name="IO10_SDA">
      <node ref="R18" pin="2" pintype="passive"/>
      <node ref="U1" pin="3" pinfunction="SDA" pintype="bidirectional"/>
      <node ref="U2" pin="14" pinfunction="AP_SDA/AP_SDIO/AP_SDI" pintype="bidirectional"/>
      <node ref="U3" pin="16" pinfunction="GPIO10" pintype="bidirectional"/>
      <node ref="U4" pin="17" pinfunction="SDA/GPIO10" pintype="bidirectional"/>
    </net>
    <net code="19" name="IO20_RX">
      <node ref="U3" pin="30" pinfunction="GPIO20/U0RXD" pintype="bidirectional"/>
      <node ref="U4" pin="15" pinfunction="RXD/GPIO20" pintype="bidirectional"/>
    </net>
    <net code="20" name="IO21_TX">
      <node ref="U3" pin="31" pinfunction="GPIO21/U0TXD" pintype="bidirectional"/>
      <node ref="U4" pin="14" pinfunction="TXD/GPIO21" pintype="bidirectional"/>
    </net>
    <net code="21" name="Net-(C6-Pad2)">
      <node ref="C6" pin="2" pintype="passive"/>
      <node ref="R2" pin="2" pintype="passive"/>
      <node ref="R3" pin="1" pintype="passive"/>
      <node ref="U5" pin="5" pinfunction="FB" pintype="input"/>
    </net>
    <net code="22" name="Net-(D2-Pad2)">
      <node ref="D2" pin="2" pinfunction="A" pintype="passive"/>
      <node ref="R10" pin="2" pintype="passive"/>
    </net>
    <net code="23" name="Net-(D3-Pad1)">
      <node ref="D3" pin="1" pinfunction="K" pintype="passive"/>
      <node ref="R14" pin="2" pintype="passive"/>
    </net>
    <net code="24" name="Net-(D6-Pad2)">
      <node ref="D6" pin="2" pinfunction="A" pintype="passive"/>
      <node ref="D7" pin="1" pinfunction="A1" pintype="passive"/>
      <node ref="J1" pin="A4_B9" pinfunction="VBUS" pintype="power_in"/>
      <node ref="J1" pin="B4_A9" pinfunction="VBUS" pintype="power_in"/>
    </net>
    <net code="25" name="Net-(J1-PadA5)">
      <node ref="J1" pin="A5" pinfunction="CC1" pintype="bidirectional"/>
      <node ref="R6" pin="1" pintype="passive"/>
    </net>
    <net code="26" name="Net-(J1-PadB5)">
      <node ref="J1" pin="B5" pinfunction="CC2" pintype="bidirectional"/>
      <node ref="R4" pin="1" pintype="passive"/>
    </net>
    <net code="27" name="Net-(R7-Pad1)">
      <node ref="R7" pin="1" pintype="passive"/>
      <node ref="U2" pin="12" pinfunction="AP_CS" pintype="input"/>
    </net>
    <net code="28" name="Net-(R9-Pad2)">
      <node ref="R9" pin="2" pintype="passive"/>
      <node ref="U6" pin="5" pinfunction="PROG" pintype="input"/>
    </net>
    <net code="29" name="Net-(R14-Pad1)">
      <node ref="R14" pin="1" pintype="passive"/>
      <node ref="U6" pin="1" pinfunction="STAT" pintype="output"/>
    </net>
    <net code="30" name="Net-(TP2-Pad1)">
      <node ref="U2" pin="9" pinfunction="INT2" pintype="output"/>
    </net>
    <net code="31" name="USB_D+">
      <node ref="D8" pin="1" pinfunction="A1" pintype="passive"/>
      <node ref="J1" pin="A6" pinfunction="DP1" pintype="bidirectional"/>
      <node ref="J1" pin="B6" pinfunction="DP2" pintype="bidirectional"/>
      <node ref="U3" pin="27" pinfunction="GPIO19/USB_D+" pintype="bidirectional"/>
      <node ref="U4" pin="19" pinfunction="USB_D+/GPIO19" pintype="bidirectional"/>
    </net>
    <net code="32" name="USB_D-">
      <node ref="D5" pin="1" pinfunction="A1" pintype="passive"/>
      <node ref="J1" pin="A7" pinfunction="DN1" pintype="bidirectional"/>
      <node ref="J1" pin="B7" pinfunction="DN2" pintype="bidirectional"/>
      <node ref="U3" pin="26" pinfunction="GPIO18/USB_D-" pintype="bidirectional"/>
      <node ref="U4" pin="20" pinfunction="USB_D-/GPIO18" pintype="bidirectional"/>
    </net>
    <net code="33" name="VBUS">
      <node ref="C15" pin="2" pintype="passive"/>
      <node ref="D3" pin="2" pinfunction="A" pintype="passive"/>
      <node ref="D4" pin="2" pinfunction="A" pintype="passive"/>
      <node ref="D6" pin="1" pinfunction="K" pintype="passive"/>
      <node ref="Q1" pin="1" pinfunction="G" pintype="input"/>
      <node ref="R15" pin="1" pintype="passive"/>
      <node ref="U4" pin="26" pinfunction="VBUS" pintype="power_in"/>
      <node ref="U6" pin="4" pinfunction="VDD" pintype="power_in"/>
    </net>
    <net code="34" name="unconnected-(J1-PadA8)">
      <node ref="J1" pin="A8" pinfunction="SBU1" pintype="bidirectional+no_connect"/>
    </net>
    <net code="35" name="unconnected-(J1-PadB8)">
      <node ref="J1" pin="B8" pinfunction="SBU2" pintype="bidirectional+no_connect"/>
    </net>
    <net code="36" name="unconnected-(U2-Pad2)">
      <node ref="U2" pin="2" pinfunction="RESV_1" pintype="no_connect"/>
    </net>
    <net code="37" name="unconnected-(U2-Pad3)">
      <node ref="U2" pin="3" pinfunction="RESV_2" pintype="no_connect"/>
    </net>
    <net code="38" name="unconnected-(U2-Pad4)">
      <node ref="U2" pin="4" pinfunction="INT1/INT" pintype="output+no_connect"/>
    </net>
    <net code="39" name="unconnected-(U2-Pad10)">
      <node ref="U2" pin="10" pinfunction="RESV_3" pintype="no_connect"/>
    </net>
    <net code="40" name="unconnected-(U2-Pad11)">
      <node ref="U2" pin="11" pinfunction="RESV_4" pintype="no_connect"/>
    </net>
    <net code="41" name="unconnected-(U3-Pad4)">
      <node ref="U3" pin="4" pinfunction="NC" pintype="no_connect"/>
    </net>
    <net code="42" name="unconnected-(U3-Pad7)">
      <node ref="U3" pin="7" pinfunction="NC" pintype="no_connect"/>
    </net>
    <net code="43" name="unconnected-(U3-Pad9)">
      <node ref="U3" pin="9" pinfunction="NC" pintype="no_connect"/>
    </net>
    <net code="44" name="unconnected-(U3-Pad10)">
      <node ref="U3" pin="10" pinfunction="NC" pintype="no_connect"/>
    </net>
    <net code="45" name="unconnected-(U3-Pad15)">
      <node ref="U3" pin="15" pinfunction="NC" pintype="no_connect"/>
    </net>
    <net code="46" name="unconnected-(U3-Pad17)">
      <node ref="U3" pin="17" pinfunction="NC" pintype="no_connect"/>
    </net>
    <net code="47" name="unconnected-(U3-Pad24)">
      <node ref="U3" pin="24" pinfunction="NC" pintype="no_connect"/>
    </net>
    <net code="48" name="unconnected-(U3-Pad25)">
      <node ref="U3" pin="25" pinfunction="NC" pintype="no_connect"/>
    </net>
    <net code="49" name="unconnected-(U3-Pad28)">
      <node ref="U3" pin="28" pinfunction="NC" pintype="no_connect"/>
    </net>
    <net code="50" name="unconnected-(U3-Pad29)">
      <node ref="U3" pin="29" pinfunction="NC" pintype="no_connect"/>
    </net>
    <net code="51" name="unconnected-(U3-Pad32)">
      <node ref="U3" pin="32" pinfunction="NC" pintype="no_connect"/>
    </net>
    <net code="52" name="unconnected-(U3-Pad33)">
      <node ref="U3" pin="33" pinfunction="NC" pintype="no_connect"/>
    </net>
    <net code="53" name="unconnected-(U3-Pad34)">
      <node ref="U3" pin="34" pinfunction="NC" pintype="no_connect"/>
    </net>
    <net code="54" name="unconnected-(U3-Pad35)">
      <node ref="U3" pin="35" pinfunction="NC" pintype="no_connect"/>
    </net>
    <net code="55" name="unconnected-(U4-Pad3)">
      <node ref="U4" pin="3" pinfunction="N/C" pintype="no_connect"/>
    </net>
    <net code="56" name="unconnected-(U4-Pad21)">
      <node ref="U4" pin="21" pinfunction="SPIQ/GPIO17" pintype="bidirectional+no_connect"/>
    </net>
    <net code="57" name="unconnected-(U4-Pad22)">
      <node ref="U4" pin="22" pinfunction="SPID/GPIO16" pintype="bidirectional+no_connect"/>
    </net>
    <net code="58" name="unconnected-(U4-Pad23)">
      <node ref="U4" pin="23" pinfunction="SPICLK/GPIO15" pintype="bidirectional+no_connect"/>
    </net>
    <net code="59" name="unconnected-(U4-Pad24)">
      <node ref="U4" pin="24" pinfunction="SPIWP/GPIO13" pintype="bidirectional+no_connect"/>
    </net>
    <net code="60" name="unconnected-(U4-Pad25)">
      <node ref="U4" pin="25" pinfunction="SPIHD/GPIO12" pintype="bidirectional+no_connect"/>
    </net>
  </nets>
</export>
