"Source:","/home/pedro/Documents/espressif/github/esp-rust-board/hardware/esp-rust-board/esp-rust-board.kicad_sch"
"Date:","qui 27 jan 2022 12:20:37"
"Tool:","Eeschema 6.0.0-d3dd2cf0fa~116~ubuntu21.04.1"
"Generator:","/usr/share/kicad/plugins/bom_csv_grouped_by_value.py"
"Component Count:","46"

"Individual Components:"

"Item","Qty","Reference(s)","Value","LibPart","Footprint","Datasheet","MANUFACTURER","MAXIMUM_PACKAGE_HEIGHT","PARTREV","STANDARD"
"","","C1","10nF 10V","Device:C_Small","Capacitor_SMD:C_0402_1005Metric","~","","","",""
"","","C2","10nF 10V","Device:C_Small","Capacitor_SMD:C_0402_1005Metric","~","","","",""
"","","C3","100nF 10V","Device:C_Small","Capacitor_SMD:C_0402_1005Metric","~","","","",""
"","","C4","100nF 10V","Device:C_Small","Capacitor_SMD:C_0402_1005Metric","~","","","",""
"","","C5","10uF 16V","Device:C_Small","Capacitor_SMD:C_0805_2012Metric","~","","","",""
"","","C6","22pF 50V","Device:C_Small","Capacitor_SMD:C_0603_1608Metric","~","","","",""
"","","C7","10uF 16V","Device:C_Small","Capacitor_SMD:C_0805_2012Metric","~","","","",""
"","","C8","1uF 16V","Device:C_Small","Capacitor_SMD:C_0402_1005Metric","~","","","",""
"","","C9","100nF 10V","Device:C_Small","Capacitor_SMD:C_0402_1005Metric","~","","","",""
"","","C10","1uF 16V","Device:C_Small","Capacitor_SMD:C_0402_1005Metric","~","","","",""
"","","C11","10nF 10V","Device:C_Small","Capacitor_SMD:C_0402_1005Metric","~","","","",""
"","","C15","4.7uF 16V","Device:C_Small","Capacitor_SMD:C_0603_1608Metric","~","","","",""
"","","C16","4.7uF 16V","Device:C_Small","Capacitor_SMD:C_0603_1608Metric","~","","","",""
"","","D1","LESD8D3.3CAT5G","Device:D_TVS","Rust_Board:SOD-882","~","","","",""
"","","D2","LED","Device:LED","LED_SMD:LED_0603_1608Metric","~","","","",""
"","","D3","LED","Device:LED","LED_SMD:LED_0603_1608Metric","~","","","",""
"","","D4","B5819W","Device:D_Schottky","Diode_SMD:D_SOD-123","~","","","",""
"","","D5","LESD5D5.0CT1G","Device:D_TVS","Diode_SMD:D_SOD-523","~","","","",""
"","","D6","B5819W","Device:D_Schottky","Diode_SMD:D_SOD-123","~","","","",""
"","","D7","LESD5D5.0CT1G","Device:D_TVS","Diode_SMD:D_SOD-523","~","","","",""
"","","D8","LESD5D5.0CT1G","Device:D_TVS","Diode_SMD:D_SOD-523","~","","","",""
"","","J1","USB4105-GF-A","Rust_Board:USB4105-GF-A","Rust_Board:GCT_USB4105-GF-A","","GCT","3.31 mm","A3","Manufacturer Recommendations"
"","","L1","SPH4018H2R2MT (2.2uH 2.2A)","Device:L_Small","Inductor_SMD:L_Bourns-SRN4018","~","","","",""
"","","Q1","DMG3415U","Transistor_FET:DMG2301L","Package_TO_SOT_SMD:SOT-23","https://www.diodes.com/assets/Datasheets/DMG2301L.pdf","","","",""
"","","R1","10kR","Device:R_Small_US","Resistor_SMD:R_0402_1005Metric","~","","","",""
"","","R2","100kR 1%","Device:R_Small_US","Resistor_SMD:R_0402_1005Metric","~","","","",""
"","","R3","22k1R 1%","Device:R_Small_US","Resistor_SMD:R_0402_1005Metric","~","","","",""
"","","R4","5k1R 1%","Device:R_Small_US","Resistor_SMD:R_0402_1005Metric","~","","","",""
"","","R6","5k1R 1%","Device:R_Small_US","Resistor_SMD:R_0402_1005Metric","~","","","",""
"","","R7","0R 1%","Device:R_Small_US","Resistor_SMD:R_0402_1005Metric","~","","","",""
"","","R8","10kR 1%","Device:R_Small_US","Resistor_SMD:R_0402_1005Metric","~","","","",""
"","","R9","10kR 1%","Device:R_Small_US","Resistor_SMD:R_0402_1005Metric","~","","","",""
"","","R10","470R 1%","Device:R_Small_US","Resistor_SMD:R_0402_1005Metric","~","","","",""
"","","R14","1kR 1%","Device:R_Small_US","Resistor_SMD:R_0402_1005Metric","~","","","",""
"","","R15","100kR 1%","Device:R_Small_US","Resistor_SMD:R_0402_1005Metric","~","","","",""
"","","R17","10kR 1%","Device:R_Small_US","Resistor_SMD:R_0402_1005Metric","~","","","",""
"","","R18","10kR 1%","Device:R_Small_US","Resistor_SMD:R_0402_1005Metric","~","","","",""
"","","R19","10kR 1%","Device:R_Small_US","Resistor_SMD:R_0402_1005Metric","~","","","",""
"","","SW1","SW_Push","Switch:SW_Push","Button_Switch_SMD:SW_SPST_PTS810","~","","","",""
"","","SW2","SW_Push","Switch:SW_Push","Button_Switch_SMD:SW_SPST_PTS810","~","","","",""
"","","U1","SHTC3","Rust_Board:SHTC3","Rust_Board:SON100P200X200X80-5N","","Sensirion","0.80mm","3","IPC-7351B"
"","","U2","ICM-42670-P","Rust_Board:ICM-42670-P","Rust_Board:IC_ICM-42670-P","","TDK InvenSense","0.81mm","1.0","Manufacturer Recommendations"
"","","U3","ESP32-C3-MINI-1","Espressif:ESP32-C3-MINI-1","Espressif:ESP32-C3-MINI-1","https://www.espressif.com/sites/default/files/documentation/esp32-c3-mini-1_datasheet_en.pdf","","","",""
"","","U4","Rust_Board","Rust_Board:Rust_Board","Rust_Board:Rust_Board_Ret","","","","",""
"","","U5","SY8088","Rust_Board:SY8088","Package_TO_SOT_SMD:SOT-23-5","","","","",""
"","","U6","MCP73831-2-OT","Battery_Management:MCP73831-2-OT","Package_TO_SOT_SMD:SOT-23-5","http://ww1.microchip.com/downloads/en/DeviceDoc/20001984g.pdf","","","",""



"Collated Components:"

"Item","Qty","Reference(s)","Value","LibPart","Footprint","Datasheet","MANUFACTURER","MAXIMUM_PACKAGE_HEIGHT","PARTREV","STANDARD"
"1","3","C1, C2, C11","10nF 10V","Device:C_Small","Capacitor_SMD:C_0402_1005Metric","~","","","",""
"2","3","C3, C4, C9","100nF 10V","Device:C_Small","Capacitor_SMD:C_0402_1005Metric","~","","","",""
"3","2","C5, C7","10uF 16V","Device:C_Small","Capacitor_SMD:C_0805_2012Metric","~","","","",""
"4","1","C6","22pF 50V","Device:C_Small","Capacitor_SMD:C_0603_1608Metric","~","","","",""
"5","2","C8, C10","1uF 16V","Device:C_Small","Capacitor_SMD:C_0402_1005Metric","~","","","",""
"6","2","C15, C16","4.7uF 16V","Device:C_Small","Capacitor_SMD:C_0603_1608Metric","~","","","",""
"7","1","D1","LESD8D3.3CAT5G","Device:D_TVS","Rust_Board:SOD-882","~","","","",""
"8","2","D2, D3","LED","Device:LED","LED_SMD:LED_0603_1608Metric","~","","","",""
"9","2","D4, D6","B5819W","Device:D_Schottky","Diode_SMD:D_SOD-123","~","","","",""
"10","3","D5, D7, D8","LESD5D5.0CT1G","Device:D_TVS","Diode_SMD:D_SOD-523","~","","","",""
"11","1","J1","USB4105-GF-A","Rust_Board:USB4105-GF-A","Rust_Board:GCT_USB4105-GF-A","","GCT","3.31 mm","A3","Manufacturer Recommendations"
"12","1","L1","SPH4018H2R2MT (2.2uH 2.2A)","Device:L_Small","Inductor_SMD:L_Bourns-SRN4018","~","","","",""
"13","1","Q1","DMG3415U","Transistor_FET:DMG2301L","Package_TO_SOT_SMD:SOT-23","https://www.diodes.com/assets/Datasheets/DMG2301L.pdf","","","",""
"14","1","R1","10kR","Device:R_Small_US","Resistor_SMD:R_0402_1005Metric","~","","","",""
"15","2","R2, R15","100kR 1%","Device:R_Small_US","Resistor_SMD:R_0402_1005Metric","~","","","",""
"16","1","R3","22k1R 1%","Device:R_Small_US","Resistor_SMD:R_0402_1005Metric","~","","","",""
"17","2","R4, R6","5k1R 1%","Device:R_Small_US","Resistor_SMD:R_0402_1005Metric","~","","","",""
"18","1","R7","0R 1%","Device:R_Small_US","Resistor_SMD:R_0402_1005Metric","~","","","",""
"19","5","R8, R9, R17, R18, R19","10kR 1%","Device:R_Small_US","Resistor_SMD:R_0402_1005Metric","~","","","",""
"20","1","R10","470R 1%","Device:R_Small_US","Resistor_SMD:R_0402_1005Metric","~","","","",""
"21","1","R14","1kR 1%","Device:R_Small_US","Resistor_SMD:R_0402_1005Metric","~","","","",""
"22","2","SW1, SW2","SW_Push","Switch:SW_Push","Button_Switch_SMD:SW_SPST_PTS810","~","","","",""
"23","1","U1","SHTC3","Rust_Board:SHTC3","Rust_Board:SON100P200X200X80-5N","","Sensirion","0.80mm","3","IPC-7351B"
"24","1","U2","ICM-42670-P","Rust_Board:ICM-42670-P","Rust_Board:IC_ICM-42670-P","","TDK InvenSense","0.81mm","1.0","Manufacturer Recommendations"
"25","1","U3","ESP32-C3-MINI-1","Espressif:ESP32-C3-MINI-1","Espressif:ESP32-C3-MINI-1","https://www.espressif.com/sites/default/files/documentation/esp32-c3-mini-1_datasheet_en.pdf","","","",""
"26","1","U4","Rust_Board","Rust_Board:Rust_Board","Rust_Board:Rust_Board_Ret","","","","",""
"27","1","U5","SY8088","Rust_Board:SY8088","Package_TO_SOT_SMD:SOT-23-5","","","","",""
"28","1","U6","MCP73831-2-OT","Battery_Management:MCP73831-2-OT","Package_TO_SOT_SMD:SOT-23-5","http://ww1.microchip.com/downloads/en/DeviceDoc/20001984g.pdf","","","",""
